{
  "rollWidget": {
    "origin": "BOTTOM",
    "offset": {
      "f_82470_": 112.33337,
      "f_82471_": -12.666666
    }
  }
}